6. Population résidante permanente par classe d'âges quinquennale, sexe, origine, district et commune, Vaud, 2017-2022

Page by:
Année: 2022
Sexe: Total
Origine: Total


"District (actuel)","Metrics",,"Population au 31.12","Population au 31.12","Population au 31.12","Population au 31.12","Population au 31.12","Population au 31.12","Population au 31.12","Population au 31.12","Population au 31.12","Population au 31.12","Population au 31.12","Population au 31.12","Population au 31.12","Population au 31.12","Population au 31.12","Population au 31.12","Population au 31.12","Population au 31.12","Population au 31.12","Population au 31.12","Population au 31.12","Population au 31.12"
 ,"Commune d'annonce (actuelle)",,"Total","0 à 4 ans","5 à 9 ans","10 à 14 ans","15 à 19 ans","20 à 24 ans","25 à 29 ans","30 à 34 ans","35 à 39 ans","40 à 44 ans","45 à 49 ans","50 à 54 ans","55 à 59 ans","60 à 64 ans","65 à 69 ans","70 à 74 ans","75 à 79 ans","80 à 84 ans","85 à 89 ans","90 à 94 ans","95 à 99 ans","100 ans et +"
"Total","",,"830,791","43,236","44,775","45,815","47,356","51,087","55,085","62,013","59,874","60,013","59,117","59,134","57,697","46,659","35,835","32,209","30,066","19,998","12,534","6,344","1,709","235"
"Aigle","Aigle","5401","10,937","656","630","593","587","661","751","876","745","701","699","712","786","621","533","417","432","277","149","93","15","3"
"Aigle","Bex","5402","8,151","462","514","506","418","439","502","597","589","512","523","547","563","502","388","323","304","220","149","68","22","3"
"Aigle","Chessel","5403","528","36","31","31","23","30","44","47","41","32","37","30","35","34","20","23","13","12","6","3","0","0"
"Aigle","Corbeyrier","5404","440","7","18","27","20","12","10","13","28","33","35","22","43","23","38","33","33","27","12","3","3","0"
"Aigle","Gryon","5405","1,389","68","78","46","78","62","53","75","88","99","107","96","118","100","101","75","72","50","17","5","1","0"
"Aigle","Lavey-Morcles","5406","979","51","65","59","48","41","55","85","68","61","61","66","63","67","61","50","37","26","6","7","2","0"
"Aigle","Leysin","5407","3,743","117","147","207","510","483","182","175","219","247","215","242","236","207","171","134","125","71","35","16","3","1"
"Aigle","Noville","5408","1,169","68","68","86","56","61","52","72","87","83","71","78","112","65","71","45","47","27","12","7","1","0"
"Aigle","Ollon","5409","7,967","302","373","591","854","420","352","429","463","439","532","567","635","511","425","410","330","163","112","48","10","1"
"Aigle","Ormont-Dessous","5410","1,178","60","56","62","57","40","45","79","88","84","81","88","93","90","88","54","57","35","10","9","1","1"
"Aigle","Ormont-Dessus","5411","1,425","59","68","55","46","66","52","74","94","107","89","85","108","111","108","104","91","50","36","18","3","1"
"Aigle","Rennaz","5412","929","49","62","56","58","53","58","75","66","65","69","49","67","57","45","36","26","17","13","7","1","0"
"Aigle","Roche","5413","1,940","125","155","128","110","103","141","117","173","170","127","111","135","81","78","61","64","34","13","10","4","0"
"Aigle","Villeneuve","5414","5,979","352","327","345","309","367","387","441","436","404","413","375","437","356","291","251","211","129","83","51","13","1"
"Aigle","Yvorne","5415","1,088","44","68","63","46","51","55","68","83","79","74","90","88","68","73","46","42","25","15","8","2","0"
"Broye-Vully","Avenches","5451","4,696","270","301","275","233","267","303","349","355","294","350","321","324","287","183","219","166","102","57","34","6","0"
"Broye-Vully","Cudrefin","5456","1,876","98","102","123","105","78","78","136","140","159","144","153","147","123","83","75","62","39","21","9","1","0"
"Broye-Vully","Faoug","5458","903","44","45","44","43","47","46","53","70","60","62","82","87","79","47","39","30","11","11","3","0","0"
"Broye-Vully","Vully-les-Lacs","5464","3,540","214","227","179","149","149","180","250","285","277","211","263","272","223","189","172","141","74","48","31","5","1"
"Broye-Vully","Bussy-sur-Moudon","5663","246","15","14","14","14","8","4","22","19","16","17","18","18","23","8","18","13","2","0","2","1","0"
"Broye-Vully","Chavannes-sur-Moudon","5665","218","8","9","11","11","15","10","15","13","15","14","17","18","13","10","13","13","7","4","2","0","0"
"Broye-Vully","Curtilles","5669","294","14","9","17","16","16","13","26","20","7","26","29","19","22","19","15","10","6","3","5","1","1"
"Broye-Vully","Dompierre","5671","248","20","16","8","10","7","15","15","10","14","15","18","26","27","19","9","10","2","2","4","1","0"
"Broye-Vully","Hermenches","5673","374","16","16","18","21","19","28","20","17","26","26","39","34","23","17","19","18","5","9","2","1","0"
"Broye-Vully","Lovatens","5674","143","6","3","10","8","4","17","13","10","8","7","11","15","3","9","7","8","1","2","1","0","0"
"Broye-Vully","Lucens","5675","4,420","295","266","292","266","251","285","345","321","265","318","324","270","254","180","183","134","84","50","26","11","0"
"Broye-Vully","Moudon","5678","6,132","383","409","421","386","367","389","427","433","478","440","415","424","311","230","190","180","107","73","52","15","2"
"Broye-Vully","Prévonloup","5683","220","18","14","10","10","15","9","28","14","11","10","13","12","11","13","13","9","7","1","1","1","0"
"Broye-Vully","Rossenges","5684","93","7","4","5","1","8","6","10","12","5","9","5","4","2","3","1","4","3","2","1","1","0"
"Broye-Vully","Syens","5688","164","7","13","7","8","9","16","9","11","10","9","8","13","12","9","10","6","2","2","2","1","0"
"Broye-Vully","Villars-le-Comte","5690","138","5","9","6","7","5","7","10","6","7","8","11","12","14","9","8","4","3","3","4","0","0"
"Broye-Vully","Vucherens","5692","637","50","39","38","29","42","26","51","51","30","57","41","50","44","22","24","19","10","11","2","1","0"
"Broye-Vully","Corcelles-le-Jorat","5785","485","25","27","28","24","37","28","33","26","32","26","29","40","36","31","23","19","13","5","3","0","0"
"Broye-Vully","Ropraz","5798","529","47","36","32","18","27","32","49","52","44","29","29","33","23","28","18","15","14","3","0","0","0"
"Broye-Vully","Vulliens","5803","632","47","50","34","32","26","41","68","52","53","30","32","43","44","27","17","15","10","6","3","2","0"
"Broye-Vully","Champtauroz","5812","169","16","14","9","12","11","9","17","15","6","12","9","8","11","5","6","1","3","3","2","0","0"
"Broye-Vully","Chevroux","5813","522","34","32","28","21","32","29","25","33","37","29","45","40","37","32","25","22","11","7","3","0","0"
"Broye-Vully","Corcelles-près-Payerne","5816","2,856","201","168","159","154","218","222","215","192","178","186","212","174","150","112","104","88","68","27","25","3","0"
"Broye-Vully","Grandcour","5817","1,001","68","61","64","55","53","56","67","60","84","68","73","60","67","35","47","34","28","17","4","0","0"
"Broye-Vully","Henniez","5819","414","38","24","31","27","25","32","37","36","21","27","21","16","20","17","19","10","7","5","0","1","0"
"Broye-Vully","Missy","5821","387","30","23","29","20","21","20","23","19","34","23","28","20","21","16","21","20","6","7","5","1","0"
"Broye-Vully","Payerne","5822","10,372","624","614","628","593","685","709","729","690","681","733","729","701","565","461","416","345","243","134","70","18","4"
"Broye-Vully","Trey","5827","302","12","16","24","23","14","12","24","18","14","24","28","28","18","17","12","8","4","4","2","0","0"
"Broye-Vully","Treytorrens","5828","105","7","3","6","6","4","2","10","5","5","13","8","8","5","8","6","4","3","0","1","1","0"
"Broye-Vully","Villarzel","5830","486","38","33","33","21","17","25","33","42","33","22","33","39","41","19","18","13","11","6","7","2","0"
"Broye-Vully","Valbroye","5831","3,361","223","201","202","165","166","185","267","238","223","195","219","208","239","180","150","122","88","60","25","5","0"
"Gros-de-Vaud","Bettens","5471","650","44","48","43","20","26","45","70","59","68","46","45","55","37","14","10","8","9","1","2","0","0"
"Gros-de-Vaud","Bournens","5472","514","40","23","33","35","23","32","34","49","41","36","43","31","22","18","22","13","12","6","1","0","0"
"Gros-de-Vaud","Boussens","5473","1,009","54","87","64","59","46","45","60","86","82","64","85","86","58","46","31","36","14","3","2","1","0"
"Gros-de-Vaud","Daillens","5480","1,057","58","76","81","59","49","37","64","85","103","94","70","73","54","66","43","16","16","6","5","2","0"
"Gros-de-Vaud","Lussery-Villars","5487","482","43","21","23","19","19","22","48","46","40","25","29","43","41","19","12","14","8","7","3","0","0"
"Gros-de-Vaud","Mex","5489","817","62","34","37","33","35","58","82","54","56","68","64","39","45","45","39","32","20","9","4","1","0"
"Gros-de-Vaud","Penthalaz","5495","3,214","161","194","195","153","171","207","222","246","206","264","213","220","177","134","118","126","78","58","56","12","3"
"Gros-de-Vaud","Penthaz","5496","1,923","118","111","143","110","105","110","128","122","170","170","145","122","101","63","65","72","41","17","8","2","0"
"Gros-de-Vaud","Sullens","5501","1,169","95","65","60","48","52","72","106","83","78","89","80","84","66","53","47","46","24","14","6","0","1"
"Gros-de-Vaud","Vufflens-la-Ville","5503","1,334","62","60","79","89","76","63","70","80","92","108","115","112","88","58","68","64","31","13","6","0","0"
"Gros-de-Vaud","Assens","5511","1,669","99","102","95","91","96","87","142","117","108","122","148","116","103","75","59","54","31","16","6","2","0"
"Gros-de-Vaud","Bercher","5512","1,359","79","82","93","98","70","89","89","88","69","110","101","99","86","63","44","46","27","18","8","0","0"
"Gros-de-Vaud","Bottens","5514","1,356","75","88","104","66","72","64","109","123","114","80","100","92","75","63","60","40","16","9","6","0","0"
"Gros-de-Vaud","Bretigny-sur-Morrens","5515","878","57","50","62","48","50","35","80","61","88","67","57","63","57","33","18","32","12","6","2","0","0"
"Gros-de-Vaud","Cugy","5516","2,697","118","146","199","206","173","128","141","151","175","232","231","216","146","94","103","106","70","45","15","2","0"
"Gros-de-Vaud","Echallens","5518","5,816","288","345","324","386","426","310","358","362","376","414","445","443","371","243","243","229","128","79","35","11","0"
"Gros-de-Vaud","Essertines-sur-Yverdon","5520","1,081","65","82","68","57","65","68","78","87","99","81","65","63","60","36","43","31","23","4","5","1","0"
"Gros-de-Vaud","Etagnières","5521","1,154","60","50","81","76","64","54","77","59","91","107","90","103","59","51","40","44","21","23","3","1","0"
"Gros-de-Vaud","Fey","5522","736","32","61","54","41","45","27","31","49","70","60","67","49","39","39","21","22","15","8","4","2","0"
"Gros-de-Vaud","Froideville","5523","2,720","151","189","191","170","133","152","190","189","219","226","192","197","132","117","104","82","44","29","9","4","0"
"Gros-de-Vaud","Morrens","5527","1,172","76","81","59","66","67","50","82","82","97","70","79","80","76","50","49","53","25","26","4","0","0"
"Gros-de-Vaud","Oulens-sous-Echallens","5529","606","20","43","43","37","22","28","45","34","51","62","47","51","27","23","31","26","10","4","1","1","0"
"Gros-de-Vaud","Pailly","5530","566","27","48","36","35","31","22","35","34","47","41","63","45","25","27","22","13","10","2","3","0","0"
"Gros-de-Vaud","Penthéréaz","5531","433","28","26","30","22","24","20","25","34","29","32","38","38","31","17","13","9","9","4","4","0","0"
"Gros-de-Vaud","Poliez-Pittet","5533","848","48","61","60","45","39","41","43","75","60","64","55","89","48","28","26","27","27","8","4","0","0"
"Gros-de-Vaud","Rueyres","5534","303","20","16","17","17","30","17","14","12","29","21","21","25","13","14","18","9","5","4","1","0","0"
"Gros-de-Vaud","Saint-Barthélemy","5535","814","54","46","40","42","55","46","56","64","55","59","67","59","53","42","29","24","7","10","4","2","0"
"Gros-de-Vaud","Villars-le-Terroir","5537","1,308","87","99","77","76","69","68","99","99","113","95","85","77","75","50","49","31","31","20","6","2","0"
"Gros-de-Vaud","Vuarrens","5539","1,106","69","84","81","86","51","65","69","89","99","95","95","66","44","38","28","30","10","2","4","1","0"
"Gros-de-Vaud","Montilliez","5540","1,895","116","101","123","107","118","110","164","114","129","149","151","137","108","82","76","58","27","9","15","1","0"
"Gros-de-Vaud","Goumoëns","5541","1,175","70","102","89","68","46","47","61","89","109","108","80","62","52","61","33","39","19","16","18","5","1"
"Gros-de-Vaud","Boulens","5661","383","23","25","23","18","16","19","39","36","25","19","22","32","25","14","16","14","12","3","1","1","0"
"Gros-de-Vaud","Ogens","5680","324","25","23","24","17","13","10","24","28","22","28","21","17","19","24","16","4","1","2","6","0","0"
"Gros-de-Vaud","Montanaire","5693","2,820","185","173","194","173","130","163","211","186","205","192","203","199","166","145","109","85","48","33","17","3","0"
"Gros-de-Vaud","Jorat-Menthue","5804","1,565","97","87","95","87","79","88","97","110","124","121","113","124","87","75","48","77","37","12","7","0","0"
"Gros-de-Vaud","Oppens","5923","202","8","12","13","7","11","10","12","15","14","10","15","21","23","8","9","5","3","3","2","1","0"
"Jura-Nord vaudois","Bonvillars","5551","501","17","24","32","32","20","20","19","26","36","47","38","46","34","32","32","21","12","8","5","0","0"
"Jura-Nord vaudois","Bullet","5552","651","22","31","25","29","28","32","41","34","38","38","43","57","56","38","45","45","29","17","2","1","0"
"Jura-Nord vaudois","Champagne","5553","1,077","55","48","75","75","65","58","78","69","76","102","84","80","51","63","35","35","11","13","3","1","0"
"Jura-Nord vaudois","Concise","5554","1,002","46","55","60","58","53","38","62","72","90","64","78","84","66","53","49","43","19","8","3","0","1"
"Jura-Nord vaudois","Corcelles-près-Concise","5555","412","29","23","19","22","12","21","41","28","29","30","16","20","26","37","14","16","9","7","7","5","1"
"Jura-Nord vaudois","Fiez","5556","436","20","20","35","34","30","18","19","28","35","32","40","31","28","22","12","17","10","2","2","0","1"
"Jura-Nord vaudois","Fontaines-sur-Grandson","5557","214","12","9","16","16","17","10","11","15","15","19","24","20","6","8","6","5","4","0","0","1","0"
"Jura-Nord vaudois","Giez","5559","450","30","18","20","25","24","20","34","44","29","24","39","37","26","21","19","14","11","10","5","0","0"
"Jura-Nord vaudois","Grandevent","5560","237","9","9","22","10","12","7","11","8","26","18","19","26","17","14","9","9","9","2","0","0","0"
"Jura-Nord vaudois","Grandson","5561","3,358","161","165","195","171","179","210","233","236","233","225","230","277","235","175","163","126","73","38","25","8","0"
"Jura-Nord vaudois","Mauborget","5562","138","7","6","5","4","3","5","8","11","7","6","10","7","13","13","12","15","4","2","0","0","0"
"Jura-Nord vaudois","Mutrux","5563","151","10","11","9","12","4","12","4","14","12","5","11","9","11","9","4","7","2","4","0","0","1"
"Jura-Nord vaudois","Novalles","5564","99","4","7","9","4","3","3","4","8","10","7","5","10","2","8","5","8","1","0","1","0","0"
"Jura-Nord vaudois","Onnens","5565","496","21","25","29","38","18","18","21","28","33","31","51","48","41","20","34","19","13","5","2","1","0"
"Jura-Nord vaudois","Provence","5566","403","19","20","13","8","22","33","36","23","18","22","27","38","34","19","22","21","18","4","3","3","0"
"Jura-Nord vaudois","Sainte-Croix","5568","4,869","166","224","267","221","258","259","277","271","307","295","347","382","321","329","283","304","177","108","57","14","2"
"Jura-Nord vaudois","Tévenon","5571","867","39","58","57","49","28","29","42","64","54","69","67","71","66","52","36","36","28","8","10","4","0"
"Jura-Nord vaudois","L'Abergement","5741","260","16","15","15","17","10","7","10","20","18","12","29","20","18","15","16","10","6","2","4","0","0"
"Jura-Nord vaudois","Agiez","5742","381","30","26","27","21","19","23","34","23","30","36","20","18","17","18","14","16","4","4","1","0","0"
"Jura-Nord vaudois","Arnex-sur-Orbe","5743","692","40","44","34","47","27","46","49","64","46","47","48","38","34","41","38","19","8","16","3","3","0"
"Jura-Nord vaudois","Ballaigues","5744","1,152","69","55","60","69","65","65","80","84","60","78","87","79","66","41","52","58","53","22","6","3","0"
"Jura-Nord vaudois","Baulmes","5745","1,132","68","59","45","59","68","98","88","76","78","66","75","75","74","66","49","41","25","17","3","2","0"
"Jura-Nord vaudois","Bavois","5746","1,009","55","67","40","48","69","76","78","90","96","56","83","79","53","48","24","24","14","6","3","0","0"
"Jura-Nord vaudois","Bofflens","5747","204","15","13","14","6","7","10","18","17","12","7","15","16","15","20","7","6","4","1","1","0","0"
"Jura-Nord vaudois","Bretonnières","5748","264","20","19","16","13","12","12","17","19","24","13","18","22","20","10","9","6","7","5","2","0","0"
"Jura-Nord vaudois","Chavornay","5749","5,405","346","319","322","327","368","389","451","393","393","399","391","353","288","189","178","158","78","38","19","5","1"
"Jura-Nord vaudois","Les Clées","5750","186","12","8","9","7","7","7","15","10","10","14","13","10","16","18","12","10","5","0","0","3","0"
"Jura-Nord vaudois","Croy","5752","386","18","16","13","18","22","14","26","27","26","18","34","30","19","23","19","23","11","13","11","5","0"
"Jura-Nord vaudois","Juriens","5754","346","25","20","17","7","14","25","42","22","14","17","22","28","24","19","19","15","10","3","2","1","0"
"Jura-Nord vaudois","Lignerolle","5755","447","33","25","29","21","24","27","31","39","28","21","33","33","26","27","21","13","8","3","3","2","0"
"Jura-Nord vaudois","Montcherand","5756","496","22","24","41","41","19","17","33","38","34","44","34","47","30","26","15","15","5","7","4","0","0"
"Jura-Nord vaudois","Orbe","5757","7,617","464","443","429","397","493","526","630","586","550","490","496","496","434","294","300","248","160","103","61","15","2"
"Jura-Nord vaudois","La Praz","5758","183","10","11","7","5","5","8","17","16","12","8","15","19","13","19","7","6","4","1","0","0","0"
"Jura-Nord vaudois","Premier","5759","236","11","19","18","9","0","9","11","14","29","16","13","7","19","25","10","15","5","3","3","0","0"
"Jura-Nord vaudois","Rances","5760","521","24","34","18","28","45","21","37","31","26","37","36","48","38","31","21","24","11","7","3","1","0"
"Jura-Nord vaudois","Romainmôtier-Envy","5761","559","26","33","33","34","22","21","26","40","49","50","36","35","48","32","33","20","10","7","3","1","0"
"Jura-Nord vaudois","Sergey","5762","140","7","4","13","10","10","6","10","7","10","14","10","12","10","8","3","3","2","0","1","0","0"
"Jura-Nord vaudois","Valeyres-sous-Rances","5763","606","23","42","44","31","24","36","32","42","50","48","43","40","42","40","28","17","9","7","7","1","0"
"Jura-Nord vaudois","Vallorbe","5764","3,987","233","250","225","207","203","271","269","263","295","258","290","271","244","212","151","142","95","65","36","6","1"
"Jura-Nord vaudois","Vaulion","5765","483","17","30","29","19","24","26","37","39","38","36","26","31","34","37","31","13","4","7","4","1","0"
"Jura-Nord vaudois","Vuiteboeuf","5766","592","33","31","34","36","36","48","47","39","40","31","43","53","35","34","24","13","8","2","3","1","1"
"Jura-Nord vaudois","L'Abbaye","5871","1,534","76","83","80","66","60","84","89","91","96","96","95","103","116","132","102","81","36","27","17","2","2"
"Jura-Nord vaudois","Le Chenit","5872","4,613","232","223","260","233","234","224","271","299","310","319","343","297","311","246","252","232","161","97","55","11","3"
"Jura-Nord vaudois","Le Lieu","5873","886","48","40","49","45","36","38","55","54","57","66","64","53","63","64","51","46","26","20","10","1","0"
"Jura-Nord vaudois","Belmont-sur-Yverdon","5902","434","27","24","36","16","20","16","30","40","33","40","31","35","33","16","14","11","4","5","2","1","0"
"Jura-Nord vaudois","Bioley-Magnoux","5903","247","16","24","7","6","8","10","19","19","20","10","16","10","19","23","17","11","3","5","2","2","0"
"Jura-Nord vaudois","Chamblon","5904","567","30","29","23","22","34","36","36","45","37","30","34","55","41","44","31","24","9","3","3","1","0"
"Jura-Nord vaudois","Champvent","5905","734","43","59","43","42","38","47","55","54","68","44","54","45","38","26","34","21","12","8","1","2","0"
"Jura-Nord vaudois","Chavannes-le-Chêne","5907","316","16","17","24","13","16","22","32","20","19","15","19","16","27","20","13","14","4","7","2","0","0"
"Jura-Nord vaudois","Chêne-Pâquier","5908","163","17","19","2","5","4","7","17","16","11","7","10","11","12","5","10","3","4","2","0","1","0"
"Jura-Nord vaudois","Cheseaux-Noréaz","5909","734","28","33","51","59","53","39","20","42","36","58","55","54","48","44","38","32","22","15","4","3","0"
"Jura-Nord vaudois","Cronay","5910","410","32","31","22","17","9","13","37","38","24","20","26","21","30","33","24","15","11","4","3","0","0"
"Jura-Nord vaudois","Cuarny","5911","236","13","17","10","11","7","12","24","19","14","11","16","24","14","17","13","5","6","2","0","1","0"
"Jura-Nord vaudois","Démoret","5912","167","24","13","4","1","6","12","14","22","6","3","5","13","12","15","5","4","3","1","4","0","0"
"Jura-Nord vaudois","Donneloye","5913","905","67","66","54","59","40","58","71","73","58","56","66","56","46","40","32","23","19","12","8","1","0"
"Jura-Nord vaudois","Ependes","5914","372","26","26","17","23","14","21","31","28","18","37","24","28","23","14","10","19","9","2","1","1","0"
"Jura-Nord vaudois","Mathod","5919","684","40","36","31","46","43","57","67","58","36","40","49","50","40","27","26","18","7","7","4","2","0"
"Jura-Nord vaudois","Molondin","5921","257","18","19","11","7","15","14","22","22","9","19","22","13","16","13","10","16","5","3","2","0","1"
"Jura-Nord vaudois","Montagny-près-Yverdon","5922","770","37","34","48","62","43","31","60","63","51","49","56","56","44","47","27","25","12","15","10","0","0"
"Jura-Nord vaudois","Orges","5924","407","27","29","28","19","26","33","32","35","38","30","25","21","23","11","9","14","3","4","0","0","0"
"Jura-Nord vaudois","Orzens","5925","212","13","7","14","8","12","13","15","8","15","12","10","14","25","12","11","8","3","9","3","0","0"
"Jura-Nord vaudois","Pomy","5926","868","56","63","57","53","64","32","67","59","69","51","86","58","36","39","18","32","10","12","6","0","0"
"Jura-Nord vaudois","Rovray","5928","197","15","25","9","9","5","6","15","17","22","16","11","6","8","8","9","11","4","1","0","0","0"
"Jura-Nord vaudois","Suchy","5929","671","37","45","55","41","37","43","47","51","75","53","53","41","24","26","15","13","10","3","2","0","0"
"Jura-Nord vaudois","Suscévaz","5930","220","16","12","16","17","7","12","8","15","15","15","15","13","12","8","12","17","4","4","1","1","0"
"Jura-Nord vaudois","Treycovagnes","5931","520","31","28","28","30","32","27","31","40","37","35","38","51","34","28","19","14","8","5","3","1","0"
"Jura-Nord vaudois","Ursins","5932","230","15","16","12","7","12","16","17","18","11","15","21","16","11","13","8","12","7","1","2","0","0"
"Jura-Nord vaudois","Valeyres-sous-Montagny","5933","703","27","46","39","35","37","37","38","41","41","49","43","73","62","36","36","28","17","11","7","0","0"
"Jura-Nord vaudois","Valeyres-sous-Ursins","5934","241","10","10","11","14","21","9","9","7","14","17","22","20","17","10","13","20","8","6","2","1","0"
"Jura-Nord vaudois","Villars-Epeney","5935","92","4","6","6","5","2","6","11","6","3","3","6","16","5","3","6","3","0","1","0","0","0"
"Jura-Nord vaudois","Vugelles-La Mothe","5937","137","8","7","13","9","6","4","7","11","7","8","16","14","8","8","3","2","4","2","0","0","0"
"Jura-Nord vaudois","Yverdon-les-Bains","5938","29,877","1,568","1,647","1,726","1,629","1,720","2,169","2,155","2,123","2,136","2,038","2,005","1,896","1,659","1,314","1,205","1,166","783","575","288","64","11"
"Jura-Nord vaudois","Yvonand","5939","3,531","174","195","237","206","203","199","248","206","240","245","233","263","219","171","149","151","83","50","43","16","0"
"Lausanne","Cheseaux-sur-Lausanne","5582","4,525","203","247","261","255","246","282","314","334","338","331","334","322","261","212","172","194","114","65","33","7","0"
"Lausanne","Epalinges","5584","9,825","459","564","557","644","878","578","625","577","708","677","638","663","552","441","353","387","244","176","87","16","1"
"Lausanne","Jouxtens-Mézery","5585","1,468","52","95","80","88","110","71","55","75","93","87","107","128","102","83","88","77","43","18","15","1","0"
"Lausanne","Lausanne","5586","141,513","7,088","6,786","6,412","7,110","9,597","13,021","14,185","12,251","10,865","9,642","9,028","8,368","6,817","5,073","4,376","4,122","3,089","2,137","1,150","354","42"
"Lausanne","Le Mont-sur-Lausanne","5587","9,297","572","642","620","549","472","561","673","699","813","695","637","581","413","307","288","325","205","143","82","18","2"
"Lausanne","Romanel-sur-Lausanne","5592","3,798","250","182","173","189","233","302","334","247","229","253","263","251","213","168","179","167","89","42","28","5","1"
"Lavaux-Oron","Belmont-sur-Lausanne","5581","3,835","196","198","247","261","211","172","233","257","292","294","315","321","253","175","122","141","77","47","19","4","0"
"Lavaux-Oron","Paudex","5588","1,550","85","62","83","55","58","91","126","129","117","115","100","101","90","63","93","91","50","22","15","4","0"
"Lavaux-Oron","Pully","5590","19,005","928","946","967","989","943","980","1,249","1,381","1,380","1,401","1,317","1,266","1,085","835","833","955","755","504","227","55","9"
"Lavaux-Oron","Chexbres","5601","2,204","95","96","140","137","101","97","130","144","155","163","159","177","116","108","89","107","78","56","41","13","2"
"Lavaux-Oron","Forel (Lavaux)","5604","2,067","138","117","127","91","100","74","127","176","152","166","143","171","130","96","103","83","44","23","4","2","0"
"Lavaux-Oron","Lutry","5606","10,713","534","539","507","525","510","497","690","726","724","755","790","800","696","543","541","545","352","239","143","46","11"
"Lavaux-Oron","Puidoux","5607","2,991","144","167","179","171","172","172","229","241","218","241","233","243","152","135","108","84","50","36","12","4","0"
"Lavaux-Oron","Rivaz","5609","332","17","13","7","12","25","19","24","25","18","15","32","32","24","13","10","14","17","11","3","1","0"
"Lavaux-Oron","St-Saphorin (Lavaux)","5610","402","15","24","19","27","28","15","31","29","35","38","39","24","12","16","19","17","6","7","1","0","0"
"Lavaux-Oron","Savigny","5611","3,421","155","204","196","177","203","142","200","235","225","253","251","251","248","190","180","137","92","53","23","3","3"
"Lavaux-Oron","Bourg-en-Lavaux","5613","5,389","261","237","289","281","255","232","347","316","378","428","397","436","373","297","293","266","156","96","37","13","1"
"Lavaux-Oron","Maracon","5790","544","30","29","41","28","23","24","39","34","40","42","35","45","45","37","19","18","8","5","2","0","0"
"Lavaux-Oron","Montpreveyres","5792","661","44","32","32","53","56","23","43","50","47","55","46","61","43","25","19","12","9","8","1","2","0"
"Lavaux-Oron","Servion","5799","2,136","129","135","117","129","93","98","121","149","166","167","157","174","143","106","79","86","46","26","10","5","0"
"Lavaux-Oron","Oron","5805","6,119","338","378","383","366","310","376","456","415","442","415","449","418","369","285","247","194","119","88","53","11","7"
"Lavaux-Oron","Jorat-Mézières","5806","3,110","166","192","203","196","181","159","165","236","246","223","239","208","173","177","131","95","66","37","15","1","1"
"Morges","Aubonne","5422","3,792","167","207","244","221","222","198","214","249","284","302","342","266","231","185","147","133","99","43","23","12","3"
"Morges","Ballens","5423","590","34","27","29","45","35","35","52","36","29","52","40","40","31","26","22","27","13","10","6","1","0"
"Morges","Berolle","5424","303","14","15","19","15","25","17","20","18","22","23","18","31","24","9","14","5","12","1","1","0","0"
"Morges","Bière","5425","1,683","81","90","106","95","100","112","103","115","122","141","127","106","93","68","68","72","38","25","12","8","1"
"Morges","Bougy-Villars","5426","506","19","21","26","33","31","26","33","27","24","33","49","49","33","29","26","25","13","7","2","0","0"
"Morges","Féchy","5427","887","49","52","57","66","43","33","45","51","64","71","90","76","49","33","39","41","17","5","4","2","0"
"Morges","Gimel","5428","2,414","151","178","128","131","127","134","180","173","161","205","164","140","123","106","114","82","45","39","27","6","0"
"Morges","Mollens","5431","324","18","15","9","10","23","26","22","25","27","16","17","40","34","10","9","11","5","6","1","0","0"
"Morges","Saint-Livres","5435","697","41","32","41","41","50","26","48","50","36","48","67","66","61","21","16","24","11","8","10","0","0"
"Morges","Saint-Oyens","5436","456","34","35","20","31","32","14","21","39","45","40","31","40","22","16","14","13","5","3","1","0","0"
"Morges","Saubraz","5437","449","28","21","40","38","31","14","31","33","40","38","47","25","19","9","16","9","4","5","1","0","0"
"Morges","La Chaux (Cossonay)","5474","412","10","27","29","25","25","11","27","24","30","36","37","28","19","38","16","19","9","1","0","1","0"
"Morges","Chavannes-le-Veyron","5475","163","17","15","10","4","4","12","14","12","15","9","5","13","7","12","9","5","0","0","0","0","0"
"Morges","Chevilly","5476","331","17","22","29","17","20","18","21","24","26","41","17","29","16","6","14","6","6","1","1","0","0"
"Morges","Cossonay","5477","4,389","279","222","252","225","290","363","373","328","288","299","331","292","224","179","178","115","89","42","17","3","0"
"Morges","Cuarnens","5479","545","47","34","29","21","29","43","45","40","42","32","35","33","35","26","22","11","10","7","3","1","0"
"Morges","Dizy","5481","232","8","20","13","10","14","17","13","16","23","14","31","11","17","9","7","0","4","3","1","1","0"
"Morges","Eclépens","5482","1,199","73","85","57","59","70","69","107","90","82","81","86","80","73","58","45","35","19","19","10","1","0"
"Morges","Ferreyres","5483","308","11","21","28","20","13","9","20","15","16","27","32","26","25","16","9","14","6","0","0","0","0"
"Morges","Gollion","5484","1,033","80","66","52","35","47","56","74","88","82","71","83","78","64","49","40","36","23","7","2","0","0"
"Morges","Grancy","5485","489","35","37","28","27","28","22","34","36","41","37","30","35","35","15","13","16","16","0","2","2","0"
"Morges","L'Isle","5486","1,095","45","60","62","72","50","50","92","67","80","65","92","82","70","51","69","41","21","13","11","2","0"
"Morges","Mauraz","5488","65","7","2","4","3","1","6","5","5","2","3","4","11","4","4","0","2","0","1","0","1","0"
"Morges","Moiry","5490","296","19","15","14","14","17","13","14","16","20","20","22","17","30","16","24","16","6","3","0","0","0"
"Morges","Mont-la-Ville","5491","502","35","29","23","39","23","14","23","39","34","30","40","53","30","30","17","22","9","10","1","1","0"
"Morges","Montricher","5492","978","45","47","46","53","58","77","56","68","78","68","79","84","51","39","48","46","16","7","10","2","0"
"Morges","Orny","5493","484","32","22","25","32","30","46","23","35","31","36","42","38","25","17","15","12","5","7","6","4","1"
"Morges","Pompaples","5497","860","40","56","71","47","43","65","51","68","72","71","73","53","33","29","33","24","13","14","3","1","0"
"Morges","La Sarraz","5498","2,608","129","144","176","157","162","162","161","160","223","223","196","199","113","129","95","77","62","31","4","4","1"
"Morges","Senarclens","5499","496","22","36","32","28","26","24","23","32","45","41","40","32","27","24","16","16","15","10","6","1","0"
"Morges","Aclens","5621","557","33","39","28","23","30","34","40","53","47","37","36","43","35","25","16","15","12","7","2","2","0"
"Morges","Bremblens","5622","604","28","31","46","37","42","23","28","42","46","60","46","45","33","28","31","13","10","8","6","1","0"
"Morges","Buchillon","5623","670","22","43","47","36","34","30","24","40","51","43","59","46","46","38","28","37","26","10","9","1","0"
"Morges","Chigny","5628","419","29","33","20","38","21","14","20","31","45","33","45","25","16","19","10","11","5","4","0","0","0"
"Morges","Clarmont","5629","213","11","13","11","15","7","12","14","19","20","21","8","15","15","9","8","4","2","5","4","0","0"
"Morges","Denens","5631","715","25","41","30","39","39","48","41","28","45","41","59","62","75","44","39","19","16","9","12","3","0"
"Morges","Denges","5632","1,778","106","74","85","110","137","141","136","130","102","147","150","141","112","64","59","40","26","10","7","1","0"
"Morges","Echandens","5633","2,891","129","115","122","256","290","180","169","144","183","187","190","180","152","130","135","134","89","70","24","12","0"
"Morges","Echichens","5634","3,211","183","205","202","156","165","151","209","223","224","237","237","237","193","147","109","98","77","83","59","15","1"
"Morges","Etoy","5636","2,938","122","115","191","203","193","168","141","155","202","255","256","290","192","93","107","92","82","44","26","10","1"
"Morges","Lavigny","5637","1,038","54","55","80","68","55","53","60","77","84","90","90","72","55","49","44","27","15","6","4","0","0"
"Morges","Lonay","5638","2,675","96","125","121","162","185","186","154","149","182","164","205","220","157","133","101","104","82","69","59","15","6"
"Morges","Lully","5639","825","43","57","57","50","63","31","47","42","58","50","67","59","65","36","37","33","18","6","5","0","1"
"Morges","Lussy-sur-Morges","5640","730","41","53","52","51","31","27","32","39","51","61","54","58","31","35","27","34","20","22","8","3","0"
"Morges","Morges","5642","17,530","967","800","723","743","926","1,532","1,733","1,404","1,164","1,167","1,154","1,102","885","636","673","745","542","374","178","75","7"
"Morges","Préverenges","5643","5,209","222","275","303","344","290","314","316","357","370","422","407","375","260","226","216","246","153","69","34","10","0"
"Morges","Romanel-sur-Morges","5645","458","26","12","19","31","27","20","37","19","22","39","40","48","38","26","19","13","13","4","4","0","1"
"Morges","Saint-Prex","5646","5,876","309","310","361","392","313","269","342","402","459","513","508","438","321","238","271","211","132","52","31","4","0"
"Morges","Tolochenaz","5649","1,890","98","98","108","115","117","110","112","140","122","155","140","157","116","87","71","63","38","25","16","1","1"
"Morges","Vaux-sur-Morges","5650","185","6","11","9","14","20","10","7","10","11","11","13","15","10","9","9","11","6","3","0","0","0"
"Morges","Villars-sous-Yens","5652","615","28","33","35","42","37","28","41","41","41","48","57","45","46","25","23","16","22","5","1","1","0"
"Morges","Vufflens-le-Château","5653","884","43","46","70","64","56","32","39","53","65","66","79","66","52","52","27","34","30","7","2","1","0"
"Morges","Vullierens","5654","562","37","30","33","22","24","31","39","48","35","37","41","49","46","24","27","20","6","10","3","0","0"
"Morges","Yens","5655","1,513","76","89","126","80","68","53","80","97","131","122","130","120","77","64","70","69","35","17","8","1","0"
"Morges","Hautemorges","5656","4,257","261","243","256","237","262","212","274","281","286","310","333","309","258","207","178","171","89","53","28","7","2"
"Morges","Allaman","5851","420","15","16","20","23","24","23","34","19","33","28","37","39","31","16","23","20","11","5","3","0","0"
"Nyon","Longirod","5429","541","26","29","31","29","33","20","28","39","34","53","44","38","34","34","32","18","9","9","0","1","0"
"Nyon","Marchissy","5430","499","27","26","28","33","27","29","28","35","31","36","43","49","29","25","23","15","6","4","4","1","0"
"Nyon","Saint-George","5434","1,069","47","63","73","76","42","46","50","51","85","94","95","91","78","47","45","39","21","13","9","4","0"
"Nyon","Arnex-sur-Nyon","5701","240","14","9","22","14","8","10","17","22","19","20","11","16","23","18","7","5","2","2","1","0","0"
"Nyon","Arzier-Le Muids","5702","2,954","148","206","172","200","142","118","157","188","225","257","274","259","188","166","89","94","47","19","4","1","0"
"Nyon","Bassins","5703","1,478","76","74","94","111","101","69","77","99","91","120","151","137","92","45","38","54","25","13","9","2","0"
"Nyon","Begnins","5704","1,938","89","102","122","121","101","77","107","119","129","173","183","144","103","95","69","83","54","40","20","6","1"
"Nyon","Bogis-Bossey","5705","923","61","49","93","71","56","34","32","53","67","69","95","66","43","44","34","29","20","2","5","0","0"
"Nyon","Borex","5706","1,131","45","72","94","67","52","49","49","73","83","100","90","94","71","50","43","49","29","11","6","3","1"
"Nyon","Chavannes-de-Bogis","5707","1,314","61","113","101","85","48","45","61","84","108","139","106","87","64","67","66","38","27","8","5","1","0"
"Nyon","Chavannes-des-Bois","5708","1,019","52","97","102","71","47","26","28","57","109","117","88","63","41","38","29","28","18","7","1","0","0"
"Nyon","Chéserex","5709","1,251","55","61","66","87","64","57","52","75","84","84","106","118","108","71","51","56","30","21","5","0","0"
"Nyon","Coinsins","5710","499","22","31","22","34","20","16","25","43","35","35","46","44","27","28","26","26","9","7","3","0","0"
"Nyon","Commugny","5711","2,983","119","197","254","265","176","97","102","122","214","256","313","235","143","115","110","126","81","33","23","2","0"
"Nyon","Coppet","5712","3,184","106","214","241","220","195","126","98","170","209","273","268","283","205","133","145","128","82","61","23","4","0"
"Nyon","Crans","5713","2,357","96","123","183","184","137","84","80","103","140","204","224","244","134","92","97","119","64","35","12","2","0"
"Nyon","Crassier","5714","1,233","74","74","82","92","75","56","72","66","79","105","135","107","58","34","44","37","28","9","5","1","0"
"Nyon","Duillier","5715","1,116","70","70","61","64","64","52","67","90","83","77","94","86","75","42","41","35","19","19","6","1","0"
"Nyon","Eysins","5716","1,768","107","113","138","110","81","67","130","122","149","179","143","112","83","51","58","65","34","22","4","0","0"
"Nyon","Founex","5717","3,763","147","266","312","301","232","138","146","195","299","344","340","292","208","140","135","117","80","48","17","6","0"
"Nyon","Genolier","5718","2,026","92","135","151","148","99","80","75","102","165","150","188","157","122","99","90","83","64","14","7","5","0"
"Nyon","Gingins","5719","1,270","48","69","86","74","86","43","63","62","75","98","117","120","77","62","67","62","34","19","6","2","0"
"Nyon","Givrins","5720","1,024","31","55","61","75","58","44","43","49","72","76","93","91","89","54","48","49","20","12","4","0","0"
"Nyon","Gland","5721","13,686","762","811","818","778","784","961","1,006","1,086","1,107","1,085","1,040","941","741","506","443","390","214","143","55","15","0"
"Nyon","Grens","5722","400","15","26","22","21","26","25","25","21","31","31","33","36","31","6","17","11","11","9","3","0","0"
"Nyon","Mies","5723","2,226","117","149","184","186","113","75","83","111","176","203","193","162","130","89","64","75","61","27","18","9","1"
"Nyon","Nyon","5724","22,461","1,298","1,245","1,146","1,091","1,101","1,553","1,882","1,868","1,860","1,660","1,551","1,552","1,147","790","848","812","544","334","143","30","6"
"Nyon","Prangins","5725","4,277","198","247","268","282","234","214","231","221","281","362","334","335","263","211","194","169","132","62","34","4","1"
"Nyon","La Rippe","5726","1,197","65","74","84","65","62","45","50","73","95","115","107","113","91","48","39","34","23","6","6","2","0"
"Nyon","Saint-Cergue","5727","2,786","144","179","137","127","119","100","165","217","261","210","242","228","194","159","120","93","50","28","10","3","0"
"Nyon","Signy-Avenex","5728","583","29","44","36","41","30","22","24","38","48","46","41","46","34","26","24","23","17","8","4","1","1"
"Nyon","Tannay","5729","1,720","67","98","146","145","104","47","62","74","113","154","156","154","99","81","65","80","49","18","7","1","0"
"Nyon","Trélex","5730","1,427","56","77","103","93","104","55","45","59","102","116","129","147","107","65","53","47","43","20","4","1","1"
"Nyon","Le Vaud","5731","1,411","83","76","83","117","88","45","68","72","109","111","122","127","96","72","61","46","22","7","5","1","0"
"Nyon","Vich","5732","1,160","58","85","82","58","69","62","80","74","89","97","95","84","67","46","51","29","20","10","2","2","0"
"Nyon","Bursinel","5852","503","18","30","44","30","29","23","29","30","39","38","43","36","28","34","14","21","10","5","1","1","0"
"Nyon","Bursins","5853","766","40","46","46","40","49","27","44","56","45","60","67","69","49","24","41","31","12","15","4","1","0"
"Nyon","Burtigny","5854","414","24","23","39","25","29","23","14","26","32","36","31","26","18","18","14","23","10","2","1","0","0"
"Nyon","Dully","5855","631","29","28","45","42","40","24","32","38","46","60","46","54","39","38","27","20","14","5","3","1","0"
"Nyon","Essertines-sur-Rolle","5856","749","43","55","52","57","29","22","52","47","70","64","62","43","45","41","26","21","12","5","3","0","0"
"Nyon","Gilly","5857","1,446","80","90","88","65","66","94","102","90","107","134","123","128","80","63","59","33","22","17","5","0","0"
"Nyon","Luins","5858","618","35","36","42","28","26","26","47","44","38","56","53","55","46","33","20","15","10","6","0","2","0"
"Nyon","Mont-sur-Rolle","5859","2,759","142","160","199","165","165","112","145","168","229","227","215","216","159","130","102","105","45","44","19","8","4"
"Nyon","Perroy","5860","1,542","76","81","105","96","93","98","98","90","106","128","133","116","82","68","63","60","39","7","3","0","0"
"Nyon","Rolle","5861","6,321","308","333","483","526","299","368","426","397","463","493","489","446","324","231","191","200","168","113","48","14","1"
"Nyon","Tartegnin","5862","249","15","12","13","29","19","6","19","16","18","20","22","14","6","12","6","11","6","4","1","0","0"
"Nyon","Vinzel","5863","378","18","25","13","25","29","12","21","24","27","25","32","34","34","19","24","7","6","2","0","1","0"
"Ouest lausannois","Crissier","5583","9,161","457","489","460","576","730","791","748","653","634","635","597","648","491","371","293","252","184","109","31","11","1"
"Ouest lausannois","Prilly","5589","12,318","620","573","595","609","789","978","1,013","940","951","846","842","812","592","468","463","438","421","240","102","22","4"
"Ouest lausannois","Renens","5591","21,116","1,029","1,025","1,053","1,262","1,757","1,893","1,743","1,519","1,383","1,438","1,396","1,403","1,165","766","707","663","412","319","140","41","2"
"Ouest lausannois","Bussigny","5624","10,392","694","602","537","525","579","874","957","834","808","728","698","663","507","405","329","314","191","101","37","9","0"
"Ouest lausannois","Chavannes-près-Renens","5627","8,725","478","444","416","681","1,200","864","734","593","648","514","478","428","325","247","223","214","133","71","28","5","1"
"Ouest lausannois","Ecublens","5635","13,129","651","622","628","961","1,423","1,075","963","878","841","820","770","815","655","516","483","428","310","162","88","32","8"
"Ouest lausannois","Saint-Sulpice","5648","5,036","238","254","225","398","514","342","354","342","384","360","301","256","218","203","175","212","138","78","34","8","2"
"Ouest lausannois","Villars-Sainte-Croix","5651","978","43","58","45","57","60","50","47","60","79","81","93","64","70","50","44","45","16","11","5","0","0"
"Riviera-Pays-d'Enhaut","Château-d'Oex","5841","3,568","170","193","198","157","170","187","198","228","196","229","241","283","261","203","214","184","119","79","46","8","4"
"Riviera-Pays-d'Enhaut","Rossinière","5842","534","20","36","34","27","27","29","35","19","34","38","36","43","40","39","18","24","23","9","1","2","0"
"Riviera-Pays-d'Enhaut","Rougemont","5843","826","33","42","31","37","43","35","35","55","44","48","55","70","64","53","53","59","30","18","16","5","0"
"Riviera-Pays-d'Enhaut","Chardonne","5882","3,192","167","134","143","120","154","175","204","204","188","235","253","269","248","194","152","130","97","65","48","11","1"
"Riviera-Pays-d'Enhaut","Corseaux","5883","2,307","111","104","99","94","97","87","148","158","164","152","157","172","148","138","139","132","105","60","33","8","1"
"Riviera-Pays-d'Enhaut","Corsier-sur-Vevey","5884","3,366","160","167","165","159","166","212","243","246","243","222","243","253","220","167","159","140","101","62","34","4","0"
"Riviera-Pays-d'Enhaut","Jongny","5885","1,842","98","114","98","87","100","115","120","147","143","112","145","128","97","89","84","88","42","25","8","2","0"
"Riviera-Pays-d'Enhaut","Montreux","5886","26,081","1,155","1,167","1,223","1,587","1,756","1,565","1,764","1,716","1,711","1,693","1,782","1,879","1,622","1,242","1,218","1,112","906","541","322","98","22"
"Riviera-Pays-d'Enhaut","La Tour-de-Peilz","5889","12,400","601","637","656","674","708","658","823","811","836","857","934","927","722","555","556","595","408","308","104","29","1"
"Riviera-Pays-d'Enhaut","Vevey","5890","19,743","1,011","966","918","905","1,097","1,724","1,839","1,619","1,516","1,379","1,398","1,305","1,057","793","676","630","454","282","132","36","6"
"Riviera-Pays-d'Enhaut","Veytaux","5891","970","50","47","38","40","42","70","81","64","69","64","75","74","71","49","45","32","23","26","9","1","0"
"Riviera-Pays-d'Enhaut","Blonay - Saint-Légier","5892","12,123","496","635","776","863","732","499","584","633","782","844","1,048","1,085","780","547","566","520","354","225","109","38","7"

© STATISTIQUE VAUD
